INSERT INTO country (id, en, name, time_zoneutc) VALUES (1, 'Global', 'Global', NULL);
INSERT INTO country (id, en, name, time_zoneutc) VALUES (2, 'Eritrea', 'Eritrea', 'UTC+03:00');
INSERT INTO country (id, en, name, time_zoneutc) VALUES (3, 'Cameroon', 'Cameroon', 'UTC+01:00');
INSERT INTO country (id, en, name, time_zoneutc) VALUES (4, 'Montenegro', 'Montenegro', 'UTC+01:00');
INSERT INTO country (id, en, name, time_zoneutc) VALUES (5, 'Fiji', 'Fiji', 'UTC+12:00');
INSERT INTO country (id, en, name, time_zoneutc) VALUES (6, 'Tunisia', 'Tunisia', 'UTC+01:00');
INSERT INTO country (id, en, name, time_zoneutc) VALUES (7, 'Senegal', 'Senegal', 'UTC');
INSERT INTO country (id, en, name, time_zoneutc) VALUES (8, 'South Georgia', 'South Georgia', 'UTC-02:00');
INSERT INTO country (id, en, name, time_zoneutc) VALUES (9, 'Brazil', 'Brazil', 'UTC-05:00');
INSERT INTO country (id, en, name, time_zoneutc) VALUES (10, 'Liechtenstein', 'Liechtenstein', 'UTC+01:00');
INSERT INTO country (id, en, name, time_zoneutc) VALUES (11, 'Mexico', 'Mexico', 'UTC-08:00');
INSERT INTO country (id, en, name, time_zoneutc) VALUES (12, 'Palestine', 'Palestine', 'UTC+02:00');
INSERT INTO country (id, en, name, time_zoneutc) VALUES (13, 'Greenland', 'Greenland', 'UTC-04:00');
INSERT INTO country (id, en, name, time_zoneutc) VALUES (14, 'United States Minor Outlying Islands', 'United States Minor Outlying Islands', 'UTC-11:00');
INSERT INTO country (id, en, name, time_zoneutc) VALUES (15, 'Equatorial Guinea', 'Equatorial Guinea', 'UTC+01:00');
INSERT INTO country (id, en, name, time_zoneutc) VALUES (16, 'Guadeloupe', 'Guadeloupe', 'UTC-04:00');
INSERT INTO country (id, en, name, time_zoneutc) VALUES (17, 'Saint Helena, Ascension and Tristan da Cunha', 'Saint Helena, Ascension and Tristan da Cunha', 'UTC+00:00');
INSERT INTO country (id, en, name, time_zoneutc) VALUES (18, 'Turkey', 'Turkey', 'UTC+03:00');
INSERT INTO country (id, en, name, time_zoneutc) VALUES (19, 'Chad', 'Chad', 'UTC+01:00');
INSERT INTO country (id, en, name, time_zoneutc) VALUES (20, 'Honduras', 'Honduras', 'UTC-06:00');
INSERT INTO country (id, en, name, time_zoneutc) VALUES (21, 'Austria', 'Austria', 'UTC+01:00');
INSERT INTO country (id, en, name, time_zoneutc) VALUES (22, 'Romania', 'Romania', 'UTC+02:00');
INSERT INTO country (id, en, name, time_zoneutc) VALUES (23, 'Gabon', 'Gabon', 'UTC+01:00');
INSERT INTO country (id, en, name, time_zoneutc) VALUES (24, 'Namibia', 'Namibia', 'UTC+01:00');
INSERT INTO country (id, en, name, time_zoneutc) VALUES (25, 'Rwanda', 'Rwanda', 'UTC+02:00');
INSERT INTO country (id, en, name, time_zoneutc) VALUES (26, 'Saint Vincent and the Grenadines', 'Saint Vincent and the Grenadines', 'UTC-04:00');
INSERT INTO country (id, en, name, time_zoneutc) VALUES (27, 'Bulgaria', 'Bulgaria', 'UTC+02:00');
INSERT INTO country (id, en, name, time_zoneutc) VALUES (28, 'Colombia', 'Colombia', 'UTC-05:00');
INSERT INTO country (id, en, name, time_zoneutc) VALUES (85, 'Western Sahara', 'Western Sahara', 'UTC+00:00');
INSERT INTO country (id, en, name, time_zoneutc) VALUES (29, 'Suriname', 'Suriname', 'UTC-03:00');
INSERT INTO country (id, en, name, time_zoneutc) VALUES (30, 'Zimbabwe', 'Zimbabwe', 'UTC+02:00');
INSERT INTO country (id, en, name, time_zoneutc) VALUES (31, 'Venezuela', 'Venezuela', 'UTC-04:00');
INSERT INTO country (id, en, name, time_zoneutc) VALUES (32, 'Eswatini', 'Eswatini', 'UTC+02:00');
INSERT INTO country (id, en, name, time_zoneutc) VALUES (33, 'Philippines', 'Philippines', 'UTC+08:00');
INSERT INTO country (id, en, name, time_zoneutc) VALUES (34, 'Turkmenistan', 'Turkmenistan', 'UTC+05:00');
INSERT INTO country (id, en, name, time_zoneutc) VALUES (35, 'Algeria', 'Algeria', 'UTC+01:00');
INSERT INTO country (id, en, name, time_zoneutc) VALUES (36, 'Niger', 'Niger', 'UTC+01:00');
INSERT INTO country (id, en, name, time_zoneutc) VALUES (37, 'Jamaica', 'Jamaica', 'UTC-05:00');
INSERT INTO country (id, en, name, time_zoneutc) VALUES (38, 'Armenia', 'Armenia', 'UTC+04:00');
INSERT INTO country (id, en, name, time_zoneutc) VALUES (39, 'Caribbean Netherlands', 'Caribbean Netherlands', 'UTC-04:00');
INSERT INTO country (id, en, name, time_zoneutc) VALUES (40, 'Solomon Islands', 'Solomon Islands', 'UTC+11:00');
INSERT INTO country (id, en, name, time_zoneutc) VALUES (41, 'Cuba', 'Cuba', 'UTC-05:00');
INSERT INTO country (id, en, name, time_zoneutc) VALUES (42, 'French Southern and Antarctic Lands', 'French Southern and Antarctic Lands', 'UTC+05:00');
INSERT INTO country (id, en, name, time_zoneutc) VALUES (43, 'Islands', 'Islands', 'UTC+02:00');
INSERT INTO country (id, en, name, time_zoneutc) VALUES (44, 'United States Virgin Islands', 'United States Virgin Islands', 'UTC-04:00');
INSERT INTO country (id, en, name, time_zoneutc) VALUES (45, 'Liberia', 'Liberia', 'UTC');
INSERT INTO country (id, en, name, time_zoneutc) VALUES (46, 'Sudan', 'Sudan', 'UTC+03:00');
INSERT INTO country (id, en, name, time_zoneutc) VALUES (47, 'British Virgin Islands', 'British Virgin Islands', 'UTC-04:00');
INSERT INTO country (id, en, name, time_zoneutc) VALUES (48, 'Tanzania', 'Tanzania', 'UTC+03:00');
INSERT INTO country (id, en, name, time_zoneutc) VALUES (49, 'Croatia', 'Croatia', 'UTC+01:00');
INSERT INTO country (id, en, name, time_zoneutc) VALUES (50, 'Andorra', 'Andorra', 'UTC+01:00');
INSERT INTO country (id, en, name, time_zoneutc) VALUES (51, 'Belize', 'Belize', 'UTC-06:00');
INSERT INTO country (id, en, name, time_zoneutc) VALUES (52, 'Barbados', 'Barbados', 'UTC-04:00');
INSERT INTO country (id, en, name, time_zoneutc) VALUES (53, 'Slovakia', 'Slovakia', 'UTC+01:00');
INSERT INTO country (id, en, name, time_zoneutc) VALUES (54, 'Vatican City', 'Vatican City', 'UTC+01:00');
INSERT INTO country (id, en, name, time_zoneutc) VALUES (55, 'Lebanon', 'Lebanon', 'UTC+02:00');
INSERT INTO country (id, en, name, time_zoneutc) VALUES (201, 'Togo', 'Togo', 'UTC');
INSERT INTO country (id, en, name, time_zoneutc) VALUES (56, 'Moldova', 'Moldova', 'UTC+02:00');
INSERT INTO country (id, en, name, time_zoneutc) VALUES (57, 'Finland', 'Finland', 'UTC+02:00');
INSERT INTO country (id, en, name, time_zoneutc) VALUES (58, 'Taiwan', 'Taiwan', 'UTC+08:00');
INSERT INTO country (id, en, name, time_zoneutc) VALUES (59, 'Micronesia', 'Micronesia', 'UTC+10:00');
INSERT INTO country (id, en, name, time_zoneutc) VALUES (60, 'Vietnam', 'Vietnam', 'UTC+07:00');
INSERT INTO country (id, en, name, time_zoneutc) VALUES (61, 'French Polynesia', 'French Polynesia', 'UTC-10:00');
INSERT INTO country (id, en, name, time_zoneutc) VALUES (62, 'Tokelau', 'Tokelau', 'UTC+13:00');
INSERT INTO country (id, en, name, time_zoneutc) VALUES (63, 'Germany', 'Germany', 'UTC+01:00');
INSERT INTO country (id, en, name, time_zoneutc) VALUES (64, 'Uganda', 'Uganda', 'UTC+03:00');
INSERT INTO country (id, en, name, time_zoneutc) VALUES (65, 'Sint Maarten', 'Sint Maarten', 'UTC-04:00');
INSERT INTO country (id, en, name, time_zoneutc) VALUES (66, 'Kazakhstan', 'Kazakhstan', 'UTC+05:00');
INSERT INTO country (id, en, name, time_zoneutc) VALUES (67, 'Northern Mariana Islands', 'Northern Mariana Islands', 'UTC+10:00');
INSERT INTO country (id, en, name, time_zoneutc) VALUES (68, 'Dominica', 'Dominica', 'UTC-04:00');
INSERT INTO country (id, en, name, time_zoneutc) VALUES (69, 'South Sudan', 'South Sudan', 'UTC+03:00');
INSERT INTO country (id, en, name, time_zoneutc) VALUES (70, 'American Samoa', 'American Samoa', 'UTC-11:00');
INSERT INTO country (id, en, name, time_zoneutc) VALUES (71, 'Pitcairn Islands', 'Pitcairn Islands', 'UTC-08:00');
INSERT INTO country (id, en, name, time_zoneutc) VALUES (72, 'Tajikistan', 'Tajikistan', 'UTC+05:00');
INSERT INTO country (id, en, name, time_zoneutc) VALUES (73, 'Wallis and Futuna', 'Wallis and Futuna', 'UTC+12:00');
INSERT INTO country (id, en, name, time_zoneutc) VALUES (74, 'Slovenia', 'Slovenia', 'UTC+01:00');
INSERT INTO country (id, en, name, time_zoneutc) VALUES (75, 'Cape Verde', 'Cape Verde', 'UTC-01:00');
INSERT INTO country (id, en, name, time_zoneutc) VALUES (76, 'Maldives', 'Maldives', 'UTC+05:00');
INSERT INTO country (id, en, name, time_zoneutc) VALUES (77, 'Yemen', 'Yemen', 'UTC+03:00');
INSERT INTO country (id, en, name, time_zoneutc) VALUES (78, 'North Korea', 'North Korea', 'UTC+09:00');
INSERT INTO country (id, en, name, time_zoneutc) VALUES (79, 'Georgia', 'Georgia', 'UTC+04:00');
INSERT INTO country (id, en, name, time_zoneutc) VALUES (80, 'Belgium', 'Belgium', 'UTC+01:00');
INSERT INTO country (id, en, name, time_zoneutc) VALUES (81, 'Uzbekistan', 'Uzbekistan', 'UTC+05:00');
INSERT INTO country (id, en, name, time_zoneutc) VALUES (82, 'Dominican Republic', 'Dominican Republic', 'UTC-04:00');
INSERT INTO country (id, en, name, time_zoneutc) VALUES (83, 'Portugal', 'Portugal', 'UTC-01:00');
INSERT INTO country (id, en, name, time_zoneutc) VALUES (84, 'Faroe Islands', 'Faroe Islands', 'UTC+00:00');
INSERT INTO country (id, en, name, time_zoneutc) VALUES (86, 'Martinique', 'Martinique', 'UTC-04:00');
INSERT INTO country (id, en, name, time_zoneutc) VALUES (87, 'Saint Lucia', 'Saint Lucia', 'UTC-04:00');
INSERT INTO country (id, en, name, time_zoneutc) VALUES (88, 'Mozambique', 'Mozambique', 'UTC+02:00');
INSERT INTO country (id, en, name, time_zoneutc) VALUES (89, 'Thailand', 'Thailand', 'UTC+07:00');
INSERT INTO country (id, en, name, time_zoneutc) VALUES (90, 'Israel', 'Israel', 'UTC+02:00');
INSERT INTO country (id, en, name, time_zoneutc) VALUES (91, 'Falkland Islands', 'Falkland Islands', 'UTC-04:00');
INSERT INTO country (id, en, name, time_zoneutc) VALUES (92, 'Benin', 'Benin', 'UTC+01:00');
INSERT INTO country (id, en, name, time_zoneutc) VALUES (93, 'Indonesia', 'Indonesia', 'UTC+07:00');
INSERT INTO country (id, en, name, time_zoneutc) VALUES (94, 'Papua New Guinea', 'Papua New Guinea', 'UTC+10:00');
INSERT INTO country (id, en, name, time_zoneutc) VALUES (95, 'Bahrain', 'Bahrain', 'UTC+03:00');
INSERT INTO country (id, en, name, time_zoneutc) VALUES (96, 'Macau', 'Macau', 'UTC+08:00');
INSERT INTO country (id, en, name, time_zoneutc) VALUES (97, 'Greece', 'Greece', 'UTC+02:00');
INSERT INTO country (id, en, name, time_zoneutc) VALUES (98, 'Syria', 'Syria', 'UTC+02:00');
INSERT INTO country (id, en, name, time_zoneutc) VALUES (99, 'Central African Republic', 'Central African Republic', 'UTC+01:00');
INSERT INTO country (id, en, name, time_zoneutc) VALUES (100, 'Guam', 'Guam', 'UTC+10:00');
INSERT INTO country (id, en, name, time_zoneutc) VALUES (101, 'Poland', 'Poland', 'UTC+01:00');
INSERT INTO country (id, en, name, time_zoneutc) VALUES (102, 'Bouvet Island', 'Bouvet Island', 'UTC+01:00');
INSERT INTO country (id, en, name, time_zoneutc) VALUES (103, 'Antarctica', 'Antarctica', 'UTC-03:00');
INSERT INTO country (id, en, name, time_zoneutc) VALUES (104, 'United States', 'United States', 'UTC-12:00');
INSERT INTO country (id, en, name, time_zoneutc) VALUES (105, 'Zambia', 'Zambia', 'UTC+02:00');
INSERT INTO country (id, en, name, time_zoneutc) VALUES (106, 'Kiribati', 'Kiribati', 'UTC+12:00');
INSERT INTO country (id, en, name, time_zoneutc) VALUES (107, 'Peru', 'Peru', 'UTC-05:00');
INSERT INTO country (id, en, name, time_zoneutc) VALUES (108, 'Uruguay', 'Uruguay', 'UTC-03:00');
INSERT INTO country (id, en, name, time_zoneutc) VALUES (109, 'Anguilla', 'Anguilla', 'UTC-04:00');
INSERT INTO country (id, en, name, time_zoneutc) VALUES (110, 'Iran', 'Iran', 'UTC+03:30');
INSERT INTO country (id, en, name, time_zoneutc) VALUES (111, 'El Salvador', 'El Salvador', 'UTC-06:00');
INSERT INTO country (id, en, name, time_zoneutc) VALUES (112, 'Hungary', 'Hungary', 'UTC+01:00');
INSERT INTO country (id, en, name, time_zoneutc) VALUES (113, 'Samoa', 'Samoa', 'UTC+13:00');
INSERT INTO country (id, en, name, time_zoneutc) VALUES (114, 'Ecuador', 'Ecuador', 'UTC-06:00');
INSERT INTO country (id, en, name, time_zoneutc) VALUES (115, 'France', 'France', 'UTC-10:00');
INSERT INTO country (id, en, name, time_zoneutc) VALUES (116, 'Nigeria', 'Nigeria', 'UTC+01:00');
INSERT INTO country (id, en, name, time_zoneutc) VALUES (117, 'India', 'India', 'UTC+05:30');
INSERT INTO country (id, en, name, time_zoneutc) VALUES (118, 'Saint Martin', 'Saint Martin', 'UTC-04:00');
INSERT INTO country (id, en, name, time_zoneutc) VALUES (119, 'Burkina Faso', 'Burkina Faso', 'UTC');
INSERT INTO country (id, en, name, time_zoneutc) VALUES (120, 'Iraq', 'Iraq', 'UTC+03:00');
INSERT INTO country (id, en, name, time_zoneutc) VALUES (121, 'Kuwait', 'Kuwait', 'UTC+03:00');
INSERT INTO country (id, en, name, time_zoneutc) VALUES (122, 'Czechia', 'Czechia', 'UTC+01:00');
INSERT INTO country (id, en, name, time_zoneutc) VALUES (123, 'Montserrat', 'Montserrat', 'UTC-04:00');
INSERT INTO country (id, en, name, time_zoneutc) VALUES (124, 'Morocco', 'Morocco', 'UTC');
INSERT INTO country (id, en, name, time_zoneutc) VALUES (125, 'New Caledonia', 'New Caledonia', 'UTC+11:00');
INSERT INTO country (id, en, name, time_zoneutc) VALUES (126, 'Gambia', 'Gambia', 'UTC+00:00');
INSERT INTO country (id, en, name, time_zoneutc) VALUES (127, 'Netherlands', 'Netherlands', 'UTC+01:00');
INSERT INTO country (id, en, name, time_zoneutc) VALUES (128, 'Saint Pierre and Miquelon', 'Saint Pierre and Miquelon', 'UTC-03:00');
INSERT INTO country (id, en, name, time_zoneutc) VALUES (129, 'Saint Barth', 'Saint Barth', 'UTC-04:00');
INSERT INTO country (id, en, name, time_zoneutc) VALUES (130, 'Hong Kong', 'Hong Kong', 'UTC+08:00');
INSERT INTO country (id, en, name, time_zoneutc) VALUES (131, 'China', 'China', 'UTC+08:00');
INSERT INTO country (id, en, name, time_zoneutc) VALUES (132, 'Ukraine', 'Ukraine', 'UTC+02:00');
INSERT INTO country (id, en, name, time_zoneutc) VALUES (133, 'Botswana', 'Botswana', 'UTC+02:00');
INSERT INTO country (id, en, name, time_zoneutc) VALUES (134, 'Cura', 'Cura', 'UTC-04:00');
INSERT INTO country (id, en, name, time_zoneutc) VALUES (135, 'Serbia', 'Serbia', 'UTC+01:00');
INSERT INTO country (id, en, name, time_zoneutc) VALUES (136, 'Sweden', 'Sweden', 'UTC+01:00');
INSERT INTO country (id, en, name, time_zoneutc) VALUES (137, 'Sierra Leone', 'Sierra Leone', 'UTC');
INSERT INTO country (id, en, name, time_zoneutc) VALUES (138, 'Spain', 'Spain', 'UTC');
INSERT INTO country (id, en, name, time_zoneutc) VALUES (139, 'Panama', 'Panama', 'UTC-05:00');
INSERT INTO country (id, en, name, time_zoneutc) VALUES (140, 'Singapore', 'Singapore', 'UTC+08:00');
INSERT INTO country (id, en, name, time_zoneutc) VALUES (141, 'Laos', 'Laos', 'UTC+07:00');
INSERT INTO country (id, en, name, time_zoneutc) VALUES (142, 'Malawi', 'Malawi', 'UTC+02:00');
INSERT INTO country (id, en, name, time_zoneutc) VALUES (143, 'Burundi', 'Burundi', 'UTC+02:00');
INSERT INTO country (id, en, name, time_zoneutc) VALUES (144, 'Belarus', 'Belarus', 'UTC+03:00');
INSERT INTO country (id, en, name, time_zoneutc) VALUES (145, 'Cayman Islands', 'Cayman Islands', 'UTC-05:00');
INSERT INTO country (id, en, name, time_zoneutc) VALUES (146, 'Malaysia', 'Malaysia', 'UTC+08:00');
INSERT INTO country (id, en, name, time_zoneutc) VALUES (147, 'Pakistan', 'Pakistan', 'UTC+05:00');
INSERT INTO country (id, en, name, time_zoneutc) VALUES (148, 'Argentina', 'Argentina', 'UTC-03:00');
INSERT INTO country (id, en, name, time_zoneutc) VALUES (149, 'Angola', 'Angola', 'UTC+01:00');
INSERT INTO country (id, en, name, time_zoneutc) VALUES (150, 'Malta', 'Malta', 'UTC+01:00');
INSERT INTO country (id, en, name, time_zoneutc) VALUES (151, 'Aruba', 'Aruba', 'UTC-04:00');
INSERT INTO country (id, en, name, time_zoneutc) VALUES (152, 'Paraguay', 'Paraguay', 'UTC-04:00');
INSERT INTO country (id, en, name, time_zoneutc) VALUES (153, 'Guinea-Bissau', 'Guinea-Bissau', 'UTC');
INSERT INTO country (id, en, name, time_zoneutc) VALUES (154, 'Saudi Arabia', 'Saudi Arabia', 'UTC+03:00');
INSERT INTO country (id, en, name, time_zoneutc) VALUES (155, 'Gibraltar', 'Gibraltar', 'UTC+01:00');
INSERT INTO country (id, en, name, time_zoneutc) VALUES (156, 'Nicaragua', 'Nicaragua', 'UTC-06:00');
INSERT INTO country (id, en, name, time_zoneutc) VALUES (157, 'Ireland', 'Ireland', 'UTC');
INSERT INTO country (id, en, name, time_zoneutc) VALUES (158, 'Mali', 'Mali', 'UTC');
INSERT INTO country (id, en, name, time_zoneutc) VALUES (159, 'Costa Rica', 'Costa Rica', 'UTC-06:00');
INSERT INTO country (id, en, name, time_zoneutc) VALUES (160, 'British Indian Ocean Territory', 'British Indian Ocean Territory', 'UTC+06:00');
INSERT INTO country (id, en, name, time_zoneutc) VALUES (161, 'Mongolia', 'Mongolia', 'UTC+07:00');
INSERT INTO country (id, en, name, time_zoneutc) VALUES (162, 'French Guiana', 'French Guiana', 'UTC-03:00');
INSERT INTO country (id, en, name, time_zoneutc) VALUES (163, 'Canada', 'Canada', 'UTC-08:00');
INSERT INTO country (id, en, name, time_zoneutc) VALUES (164, 'Cook Islands', 'Cook Islands', 'UTC-10:00');
INSERT INTO country (id, en, name, time_zoneutc) VALUES (165, 'Estonia', 'Estonia', 'UTC+02:00');
INSERT INTO country (id, en, name, time_zoneutc) VALUES (166, 'Trinidad and Tobago', 'Trinidad and Tobago', 'UTC-04:00');
INSERT INTO country (id, en, name, time_zoneutc) VALUES (167, 'Cocos (Keeling) Islands', 'Cocos (Keeling) Islands', 'UTC+06:30');
INSERT INTO country (id, en, name, time_zoneutc) VALUES (168, 'Comoros', 'Comoros', 'UTC+03:00');
INSERT INTO country (id, en, name, time_zoneutc) VALUES (169, 'Christmas Island', 'Christmas Island', 'UTC+07:00');
INSERT INTO country (id, en, name, time_zoneutc) VALUES (170, 'Timor-Leste', 'Timor-Leste', 'UTC+09:00');
INSERT INTO country (id, en, name, time_zoneutc) VALUES (171, 'Denmark', 'Denmark', 'UTC-04:00');
INSERT INTO country (id, en, name, time_zoneutc) VALUES (172, 'North Macedonia', 'North Macedonia', 'UTC+01:00');
INSERT INTO country (id, en, name, time_zoneutc) VALUES (173, 'Bangladesh', 'Bangladesh', 'UTC+06:00');
INSERT INTO country (id, en, name, time_zoneutc) VALUES (174, 'Mauritius', 'Mauritius', 'UTC+04:00');
INSERT INTO country (id, en, name, time_zoneutc) VALUES (175, 'Cyprus', 'Cyprus', 'UTC+02:00');
INSERT INTO country (id, en, name, time_zoneutc) VALUES (176, 'Guernsey', 'Guernsey', 'UTC+00:00');
INSERT INTO country (id, en, name, time_zoneutc) VALUES (177, 'Brunei', 'Brunei', 'UTC+08:00');
INSERT INTO country (id, en, name, time_zoneutc) VALUES (178, 'Japan', 'Japan', 'UTC+09:00');
INSERT INTO country (id, en, name, time_zoneutc) VALUES (179, 'Azerbaijan', 'Azerbaijan', 'UTC+04:00');
INSERT INTO country (id, en, name, time_zoneutc) VALUES (180, 'Bahamas', 'Bahamas', 'UTC-05:00');
INSERT INTO country (id, en, name, time_zoneutc) VALUES (181, 'Latvia', 'Latvia', 'UTC+02:00');
INSERT INTO country (id, en, name, time_zoneutc) VALUES (182, 'Mayotte', 'Mayotte', 'UTC+03:00');
INSERT INTO country (id, en, name, time_zoneutc) VALUES (183, 'Afghanistan', 'Afghanistan', 'UTC+04:30');
INSERT INTO country (id, en, name, time_zoneutc) VALUES (184, 'Kyrgyzstan', 'Kyrgyzstan', 'UTC+06:00');
INSERT INTO country (id, en, name, time_zoneutc) VALUES (185, 'Norfolk Island', 'Norfolk Island', 'UTC+11:30');
INSERT INTO country (id, en, name, time_zoneutc) VALUES (186, 'Vanuatu', 'Vanuatu', 'UTC+11:00');
INSERT INTO country (id, en, name, time_zoneutc) VALUES (187, 'United Arab Emirates', 'United Arab Emirates', 'UTC+04:00');
INSERT INTO country (id, en, name, time_zoneutc) VALUES (188, 'Lesotho', 'Lesotho', 'UTC+02:00');
INSERT INTO country (id, en, name, time_zoneutc) VALUES (189, 'Myanmar', 'Myanmar', 'UTC+06:30');
INSERT INTO country (id, en, name, time_zoneutc) VALUES (190, 'United Kingdom', 'United Kingdom', 'UTC-08:00');
INSERT INTO country (id, en, name, time_zoneutc) VALUES (191, 'Norway', 'Norway', 'UTC+01:00');
INSERT INTO country (id, en, name, time_zoneutc) VALUES (193, 'South Korea', 'South Korea', 'UTC+09:00');
INSERT INTO country (id, en, name, time_zoneutc) VALUES (194, 'Turks and Caicos Islands', 'Turks and Caicos Islands', 'UTC-04:00');
INSERT INTO country (id, en, name, time_zoneutc) VALUES (195, 'Djibouti', 'Djibouti', 'UTC+03:00');
INSERT INTO country (id, en, name, time_zoneutc) VALUES (196, 'Australia', 'Australia', 'UTC+05:00');
INSERT INTO country (id, en, name, time_zoneutc) VALUES (197, 'Marshall Islands', 'Marshall Islands', 'UTC+12:00');
INSERT INTO country (id, en, name, time_zoneutc) VALUES (198, 'Oman', 'Oman', 'UTC+04:00');
INSERT INTO country (id, en, name, time_zoneutc) VALUES (199, 'Nepal', 'Nepal', 'UTC+05:45');
INSERT INTO country (id, en, name, time_zoneutc) VALUES (200, 'Niue', 'Niue', 'UTC-11:00');
INSERT INTO country (id, en, name, time_zoneutc) VALUES (202, 'Republic of the Congo', 'Republic of the Congo', 'UTC+01:00');
INSERT INTO country (id, en, name, time_zoneutc) VALUES (203, 'Madagascar', 'Madagascar', 'UTC+03:00');
INSERT INTO country (id, en, name, time_zoneutc) VALUES (204, 'San Marino', 'San Marino', 'UTC+01:00');
INSERT INTO country (id, en, name, time_zoneutc) VALUES (205, 'Lithuania', 'Lithuania', 'UTC+02:00');
INSERT INTO country (id, en, name, time_zoneutc) VALUES (206, 'Bhutan', 'Bhutan', 'UTC+06:00');
INSERT INTO country (id, en, name, time_zoneutc) VALUES (207, 'Ivory Coast', 'Ivory Coast', 'UTC');
INSERT INTO country (id, en, name, time_zoneutc) VALUES (208, 'Saint Kitts and Nevis', 'Saint Kitts and Nevis', 'UTC-04:00');
INSERT INTO country (id, en, name, time_zoneutc) VALUES (209, 'Switzerland', 'Switzerland', 'UTC+01:00');
INSERT INTO country (id, en, name, time_zoneutc) VALUES (210, 'Isle of Man', 'Isle of Man', 'UTC+00:00');
INSERT INTO country (id, en, name, time_zoneutc) VALUES (211, 'Monaco', 'Monaco', 'UTC+01:00');
INSERT INTO country (id, en, name, time_zoneutc) VALUES (212, 'Ghana', 'Ghana', 'UTC');
INSERT INTO country (id, en, name, time_zoneutc) VALUES (213, 'Kosovo', 'Kosovo', 'UTC+01:00');
INSERT INTO country (id, en, name, time_zoneutc) VALUES (214, 'Seychelles', 'Seychelles', 'UTC+04:00');
INSERT INTO country (id, en, name, time_zoneutc) VALUES (215, 'Grenada', 'Grenada', 'UTC-04:00');
INSERT INTO country (id, en, name, time_zoneutc) VALUES (216, 'Mauritania', 'Mauritania', 'UTC');
INSERT INTO country (id, en, name, time_zoneutc) VALUES (217, 'New Zealand', 'New Zealand', 'UTC-11:00');
INSERT INTO country (id, en, name, time_zoneutc) VALUES (218, 'Guinea', 'Guinea', 'UTC');
INSERT INTO country (id, en, name, time_zoneutc) VALUES (219, 'Tonga', 'Tonga', 'UTC+13:00');
INSERT INTO country (id, en, name, time_zoneutc) VALUES (220, 'Italy', 'Italy', 'UTC+01:00');
INSERT INTO country (id, en, name, time_zoneutc) VALUES (221, 'Albania', 'Albania', 'UTC+01:00');
INSERT INTO country (id, en, name, time_zoneutc) VALUES (222, 'Bolivia', 'Bolivia', 'UTC-04:00');
INSERT INTO country (id, en, name, time_zoneutc) VALUES (223, 'DR Congo', 'DR Congo', 'UTC+01:00');
INSERT INTO country (id, en, name, time_zoneutc) VALUES (224, 'Palau', 'Palau', 'UTC+09:00');
INSERT INTO country (id, en, name, time_zoneutc) VALUES (225, 'Libya', 'Libya', 'UTC+01:00');
INSERT INTO country (id, en, name, time_zoneutc) VALUES (226, 'Puerto Rico', 'Puerto Rico', 'UTC-04:00');
INSERT INTO country (id, en, name, time_zoneutc) VALUES (227, 'Russia', 'Russia', 'UTC+03:00');
INSERT INTO country (id, en, name, time_zoneutc) VALUES (228, 'Chile', 'Chile', 'UTC-06:00');
INSERT INTO country (id, en, name, time_zoneutc) VALUES (229, 'Jordan', 'Jordan', 'UTC+03:00');
INSERT INTO country (id, en, name, time_zoneutc) VALUES (230, 'Bermuda', 'Bermuda', 'UTC-04:00');
INSERT INTO country (id, en, name, time_zoneutc) VALUES (231, 'South Africa', 'South Africa', 'UTC+02:00');
INSERT INTO country (id, en, name, time_zoneutc) VALUES (232, 'Sri Lanka', 'Sri Lanka', 'UTC+05:30');
INSERT INTO country (id, en, name, time_zoneutc) VALUES (233, 'Antigua and Barbuda', 'Antigua and Barbuda', 'UTC-04:00');
INSERT INTO country (id, en, name, time_zoneutc) VALUES (234, 'Ethiopia', 'Ethiopia', 'UTC+03:00');
INSERT INTO country (id, en, name, time_zoneutc) VALUES (235, 'Iceland', 'Iceland', 'UTC');
INSERT INTO country (id, en, name, time_zoneutc) VALUES (236, 'Guatemala', 'Guatemala', 'UTC-06:00');
INSERT INTO country (id, en, name, time_zoneutc) VALUES (237, 'Tuvalu', 'Tuvalu', 'UTC+12:00');
INSERT INTO country (id, en, name, time_zoneutc) VALUES (238, 'Heard Island and McDonald Islands', 'Heard Island and McDonald Islands', 'UTC+05:00');
INSERT INTO country (id, en, name, time_zoneutc) VALUES (239, 'STomand Pr', 'STomand Pr', 'UTC');
INSERT INTO country (id, en, name, time_zoneutc) VALUES (240, 'Egypt', 'Egypt', 'UTC+02:00');
INSERT INTO country (id, en, name, time_zoneutc) VALUES (241, 'Bosnia and Herzegovina', 'Bosnia and Herzegovina', 'UTC+01:00');
INSERT INTO country (id, en, name, time_zoneutc) VALUES (242, 'Jersey', 'Jersey', 'UTC+01:00');
INSERT INTO country (id, en, name, time_zoneutc) VALUES (243, 'Luxembourg', 'Luxembourg', 'UTC+01:00');
INSERT INTO country (id, en, name, time_zoneutc) VALUES (244, 'Guyana', 'Guyana', 'UTC-04:00');
INSERT INTO country (id, en, name, time_zoneutc) VALUES (245, 'Haiti', 'Haiti', 'UTC-05:00');
INSERT INTO country (id, en, name, time_zoneutc) VALUES (246, 'Qatar', 'Qatar', 'UTC+03:00');
INSERT INTO country (id, en, name, time_zoneutc) VALUES (247, 'Svalbard and Jan Mayen', 'Svalbard and Jan Mayen', 'UTC+01:00');
INSERT INTO country (id, en, name, time_zoneutc) VALUES (248, 'Cambodia', 'Cambodia', 'UTC+07:00');
INSERT INTO country (id, en, name, time_zoneutc) VALUES (249, 'Somalia', 'Somalia', 'UTC+03:00');
INSERT INTO country (id, en, name, time_zoneutc) VALUES (250, 'Kenya', 'Kenya', 'UTC+03:00');
INSERT INTO country (id, en, name, time_zoneutc) VALUES (251, 'Nauru', 'Nauru', 'UTC+12:00');
